Workbook

Sheet Data
A1: substance | B1: molar mass (g/mol) | C1: critic temperature (K) | D1: SRK acentric factor | E1: V* (L/mol)
A2: metano | B2: 16.0425 | C2: 190.58 | D2: 0.0074 | E2: 0.0994
A3: etano | B3: 30.069 | C3: 305.42 | D3: 0.0983 | E3: 0.1458
A4: propano | B4: 44.0956 | C4: 369.82 | D4: 0.1532 | E4: 0.2001
A5: n-butano | B5: 58.1222 | C5: 425.18 | D5: 0.2008 | E5: 0.2544
A6: isobutano | B6: 58.1222 | C6: 408.14 | D6: 0.1825 | E6: 0.2568
A7: n-pentano | B7: 72.1488 | C7: 469.65 | D7: 0.2522 | E7: 0.3113
A8: isopentano | B8: 72.1488 | C8: 460.43 | D8: 0.24 | E8: 0.3096
A9: neopentano | B9: 72.1488 | C9: 433.78 | D9: 0.1975 | E9: 0.3126
A10: n-hexano | B10: 86.1754 | C10: 507.43 | D10: 0.3007 | E10: 0.3682
A11: n-heptano | B11: 100.202 | C11: 540.26 | D11: 0.3507 | E11: 0.4304
A12: n-octano | B12: 114.2285 | C12: 568.83 | D12: 0.3998 | E12: 0.4904
A13: n-nonano | B13: 128.2551 | C13: 594.64 | D13: 0.4478 | E13: 0.5529
... A25: p-xileno | B25: 106.165 | C25: 616.26 | D25: 0.3216 | E25: 0.374

Sheet Densities
A1: a | B1: -1.52816 | D1: substance | E1: V* (m³/mol) | F1: reduced temperature (-) | G1: aux | H1: Vr0 | I1: Vr1 | J1: V (m³/mol) | K1: V (cm³/mol) | L1: density (g/cm³)
A2: b | B2: 1.43907 | D2: metano | E2: =Data!E2/1000 -> 9.94e-05 | F2: =$B$11/Data!C2 -> 1.5644349 | G2: - | H2: - | I2: - | J2: - | K2: - | L2: -
A3: c | B3: -0.81446 | D3: etano | E3: =Data!E3/1000 -> 0.0001458 | F3: =$B$11/Data!C3 -> 0.97619671 | G3: =(1-F3) -> 0.023803287 | H3: =1 + $B$1*G3^$B$19 + $B$2*G3^$B$20 + $B$3*G3 + $B$4*G3^$B$22 -> 0.66140755 | I3: =($B$5 + $B$6*F3 + $B$7*F3^2 + $B$8*F3^3)/(F3 - 1.00001) -> 0.16159367 | J3: =E3*(H3*(1-Data!D3*I3)) -> 9.4901412e-05 | K3: =J3*1000*1000 -> 94.901412 | L3: =Data!B3/Densities!K3 -> 0.3168446
A4: d | B4: 0.190454 | D4: propano | E4: =Data!E4/1000 -> 0.0002001 | F4: =$B$11/Data!C4 -> 0.80620302 | G4: =(1-F4) -> 0.19379698 | H4: =1 + $B$1*G4^$B$19 + $B$2*G4^$B$20 + $B$3*G4 + $B$4*G4^$B$22 -> 0.46110782 | I4: =($B$5 + $B$6*F4 + $B$7*F4^2 + $B$8*F4^3)/(F4 - 1.00001) -> 0.19167462 | J4: =E4*(H4*(1-Data!D4*I4)) -> 8.9558275e-05 | K4: =J4*1000*1000 -> 89.558275 | L4: =Data!B4/Densities!K4 -> 0.49236768
A5: e | B5: -0.296123 | D5: n-butano | E5: =Data!E5/1000 -> 0.0002544 | F5: =$B$11/Data!C5 -> 0.70123242 | G5: =(1-F5) -> 0.29876758 | H5: =1 + $B$1*G5^$B$19 + $B$2*G5^$B$20 + $B$3*G5 + $B$4*G5^$B$22 -> 0.41624546 | I5: =($B$5 + $B$6*F5 + $B$7*F5^2 + $B$8*F5^3)/(F5 - 1.00001) -> 0.20881466 | J5: =E5*(H5*(1-Data!D5*I5)) -> 0.00010145276 | K5: =J5*1000*1000 -> 101.45276 | L5: =Data!B5/Densities!K5 -> 0.57289915
A6: f | B6: 0.386914 | D6: isobutano | E6: =Data!E6/1000 -> 0.0002568 | F6: =$B$11/Data!C6 -> 0.73050914 | G6: =(1-F6) -> 0.26949086 | H6: =1 + $B$1*G6^$B$19 + $B$2*G6^$B$20 + $B$3*G6 + $B$4*G6^$B$22 -> 0.4269933 | I6: =($B$5 + $B$6*F6 + $B$7*F6^2 + $B$8*F6^3)/(F6 - 1.00001) -> 0.20414107 | J6: =E6*(H6*(1-Data!D6*I6)) -> 0.00010556672 | K6: =J6*1000*1000 -> 105.56672 | L6: =Data!B6/Densities!K6 -> 0.55057316
A7: g | B7: -0.0427258 | D7: n-pentano | E7: =Data!E7/1000 -> 0.0003113 | F7: =$B$11/Data!C7 -> 0.63483445 | G7: =(1-F7) -> 0.36516555 | H7: =1 + $B$1*G7^$B$19 + $B$2*G7^$B$20 + $B$3*G7 + $B$4*G7^$B$22 -> 0.39522695 | I7: =($B$5 + $B$6*F7 + $B$7*F7^2 + $B$8*F7^3)/(F7 - 1.00001) -> 0.21910827 | J7: =E7*(H7*(1-Data!D7*I7)) -> 0.00011623539 | K7: =J7*1000*1000 -> 116.23539 | L7: =Data!B7/Densities!K7 -> 0.62071284
A8: h | B8: -0.0480645 | D8: isopentano | E8: =Data!E8/1000 -> 0.0003096 | F8: =$B$11/Data!C8 -> 0.64754686 | G8: =(1-F8) -> 0.35245314 | H8: =1 + $B$1*G8^$B$19 + $B$2*G8^$B$20 + $B$3*G8 + $B$4*G8^$B$22 -> 0.39894827 | I8: =($B$5 + $B$6*F8 + $B$7*F8^2 + $B$8*F8^3)/(F8 - 1.00001) -> 0.21717032 | J8: =E8*(H8*(1-Data!D8*I8)) -> 0.00011707671 | K8: =J8*1000*1000 -> 117.07671 | L8: =Data!B8/Densities!K8 -> 0.61625239
D9: neopentano | E9: =Data!E9/1000 -> 0.0003126 | F9: =$B$11/Data!C9 -> 0.68732998 | G9: =(1-F9) -> 0.31267002 | H9: =1 + $B$1*G9^$B$19 + $B$2*G9^$B$20 + $B$3*G9 + $B$4*G9^$B$22 -> 0.4114941 | I9: =($B$5 + $B$6*F9 + $B$7*F9^2 + $B$8*F9^3)/(F9 - 1.00001) -> 0.21100507 | J9: =E9*(H9*(1-Data!D9*I9)) -> 0.00012327247 | K9: =J9*1000*1000 -> 123.27247 | L9: =Data!B9/Densities!K9 -> 0.58527912
D10: n-hexano | E10: =Data!E10/1000 -> 0.0003682 | F10: =$B$11/Data!C10 -> 0.58756873 | G10: =(1-F10) -> 0.41243127 | H10: =1 + $B$1*G10^$B$19 + $B$2*G10^$B$20 + $B$3*G10 + $B$4*G10^$B$22 -> 0.38240803 | I10: =($B$5 + $B$6*F10 + $B$7*F10^2 + $B$8*F10^3)/(F10 - 1.00001) -> 0.22617733 | J10: =E10*(H10*(1-Data!D10*I10)) -> 0.00013122644 | K10: =J10*1000*1000 -> 131.22644 | L10: =Data!B10/Densities!K10 -> 0.65669238
A11: T | B11: =273.15+25 -> 298.15 | D11: n-heptano | E11: =Data!E11/1000 -> 0.0004304 | F11: =$B$11/Data!C11 -> 0.55186392 | G11: =(1-F11) -> 0.44813608 | H11: =1 + $B$1*G11^$B$19 + $B$2*G11^$B$20 + $B$3*G11 + $B$4*G11^$B$22 -> 0.37363043 | I11: =($B$5 + $B$6*F11 + $B$7*F11^2 + $B$8*F11^3)/(F11 - 1.00001) -> 0.23137486 | J11: =E11*(H11*(1-Data!D11*I11)) -> 0.00014776186 | K11: =J11*1000*1000 -> 147.76186 | L11: =Data!B11/Densities!K11 -> 0.67813168
D12: n-octano | E12: =Data!E12/1000 -> 0.0004904 | F12: =$B$11/Data!C12 -> 0.52414605 | G12: =(1-F12) -> 0.47585395 | H12: =1 + $B$1*G12^$B$19 + $B$2*G12^$B$20 + $B$3*G12 + $B$4*G12^$B$22 -> 0.3672676 | I12: =($B$5 + $B$6*F12 + $B$7*F12^2 + $B$8*F12^3)/(F12 - 1.00001) -> 0.23532519 | J12: =E12*(H12*(1-Data!D12*I12)) -> 0.00016316292 | K12: =J12*1000*1000 -> 163.16292 | L12: =Data!B12/Densities!K12 -> 0.70008858
D13: n-nonano | E13: =Data!E13/1000 -> 0.0005529 | F13: =$B$11/Data!C13 -> 0.5013958 | G13: =(1-F13) -> 0.4986042 | H13: =1 + $B$1*G13^$B$19 + $B$2*G13^$B$20 + $B$3*G13 + $B$4*G13^$B$22 -> 0.36230499 | I13: =($B$5 + $B$6*F13 + $B$7*F13^2 + $B$8*F13^3)/(F13 - 1.00001) -> 0.23851233 | J13: =E13*(H13*(1-Data!D13*I13)) -> 0.00017892326 | K13: =J13*1000*1000 -> 178.92326 | L13: =Data!B13/Densities!K13 -> 0.71681626
D14: n-decano | E14: =Data!E14/1000 -> 0.0006192 | F14: =$B$11/Data!C14 -> 0.48271675 | G14: =(1-F14) -> 0.51728325 | H14: =1 + $B$1*G14^$B$19 + $B$2*G14^$B$20 + $B$3*G14 + $B$4*G14^$B$22 -> 0.35838969 | I14: =($B$5 + $B$6*F14 + $B$7*F14^2 + $B$8*F14^3)/(F14 - 1.00001) -> 0.24109192 | J14: =E14*(H14*(1-Data!D14*I14)) -> 0.00019561337 | K14: =J14*1000*1000 -> 195.61337 | L14: =Data!B14/Densities!K14 -> 0.72736183
D15: n-undecano | E15: =Data!E15/1000 -> 0.0006864 | F15: =$B$11/Data!C15 -> 0.46678565 | G15: =(1-F15) -> 0.53321435 | H15: =1 + $B$1*G15^$B$19 + $B$2*G15^$B$20 + $B$3*G15 + $B$4*G15^$B$22 -> 0.35515558 | I15: =($B$5 + $B$6*F15 + $B$7*F15^2 + $B$8*F15^3)/(F15 - 1.00001) -> 0.2432655 | J15: =E15*(H15*(1-Data!D15*I15)) -> 0.00021162472 | K15: =J15*1000*1000 -> 211.62472 | L15: =Data!B15/Densities!K15 -> 0.73861077
D16: n-dodecano | E16: =Data!E16/1000 -> 0.0007558 | F16: =$B$11/Data!C16 -> 0.45293653 | G16: =(1-F16) -> 0.54706347 | H16: =1 + $B$1*G16^$B$19 + $B$2*G16^$B$20 + $B$3*G16 + $B$4*G16^$B$22 -> 0.3524181 | I16: =($B$5 + $B$6*F16 + $B$7*F16^2 + $B$8*F16^3)/(F16 - 1.00001) -> 0.24513519 | J16: =E16*(H16*(1-Data!D16*I16)) -> 0.0002284416 | K16: =J16*1000*1000 -> 228.4416 | L16: =Data!B16/Densities!K16 -> 0.74563829
D17: n-tridecano | E17: =Data!E17/1000 -> 0.0008317 | F17: =$B$11/Data!C17 -> 0.44120694 | G17: =(1-F17) -> 0.55879306 | H17: =1 + $B$1*G17^$B$19 + $B$2*G17^$B$20 + $B$3*G17 + $B$4*G17^$B$22 -> 0.3501507 | I17: =($B$5 + $B$6*F17 + $B$7*F17^2 + $B$8*F17^3)/(F17 - 1.00001) -> 0.24670432 | J17: =E17*(H17*(1-Data!D17*I17)) -> 0.00024567041 | K17: =J17*1000*1000 -> 245.67041 | L17: =Data!B17/Densities!K17 -> 0.75044203
D18: n-tetradecano | E18: =Data!E18/1000 -> 0.0009022 | F18: =$B$11/Data!C18 -> 0.43093356 | G18: =(1-F18) -> 0.56906644 | H18: =1 + $B$1*G18^$B$19 + $B$2*G18^$B$20 + $B$3*G18 + $B$4*G18^$B$22 -> 0.34820168 | I18: =($B$5 + $B$6*F18 + $B$7*F18^2 + $B$8*F18^3)/(F18 - 1.00001) -> 0.24806777 | J18: =E18*(H18*(1-Data!D18*I18)) -> 0.00026099159 | K18: =J18*1000*1000 -> 260.99159 | L18: =Data!B18/Densities!K18 -> 0.76013179
B19: =1/3 -> 0.33333333 | D19: n-pentadecano | E19: =Data!E19/1000 -> 0.0009772 | F19: =$B$11/Data!C19 -> 0.42190839 | G19: =(1-F19) -> 0.57809161 | H19: =1 + $B$1*G19^$B$19 + $B$2*G19^$B$20 + $B$3*G19 + $B$4*G19^$B$22 -> 0.34651687 | I19: =($B$5 + $B$6*F19 + $B$7*F19^2 + $B$8*F19^3)/(F19 - 1.00001) -> 0.24925719 | J19: =E19*(H19*(1-Data!D19*I19)) -> 0.00027739068 | K19: =J19*1000*1000 -> 277.39068 | L19: =Data!B19/Densities!K19 -> 0.76575969
B20: =2/3 -> 0.66666667 | D20: n-hexadecano | E20: =Data!E20/1000 -> 0.0010539 | F20: =$B$11/Data!C20 -> 0.41378688 | G20: =(1-F20) -> 0.58621312 | H20: =1 + $B$1*G20^$B$19 + $B$2*G20^$B$20 + $B$3*G20 + $B$4*G20^$B$22 -> 0.34502197 | I20: =($B$5 + $B$6*F20 + $B$7*F20^2 + $B$8*F20^3)/(F20 - 1.00001) -> 0.25032082 | J20: =E20*(H20*(1-Data!D20*I20)) -> 0.00029383261 | K20: =J20*1000*1000 -> 293.83261 | L20: =Data!B20/Densities!K20 -> 0.77064693
B21: =3/3 -> 1 | D21: benzeno | E21: =Data!E21/1000 -> 0.0002564 | F21: =$B$11/Data!C21 -> 0.53036502 | G21: =(1-F21) -> 0.46963498 | H21: =1 + $B$1*G21^$B$19 + $B$2*G21^$B$20 + $B$3*G21 + $B$4*G21^$B$22 -> 0.3686637 | I21: =($B$5 + $B$6*F21 + $B$7*F21^2 + $B$8*F21^3)/(F21 - 1.00001) -> 0.2344453 | J21: =E21*(H21*(1-Data!D21*I21)) -> 8.9789562e-05 | K21: =J21*1000*1000 -> 89.789562 | L21: =Data!B21/Densities!K21 -> 0.86994299
B22: =4/3 -> 1.3333333 | D22: tolueno | E22: =Data!E22/1000 -> 0.0003137 | F22: =$B$11/Data!C22 -> 0.50381047 | G22: =(1-F22) -> 0.49618953 | H22: =1 + $B$1*G22^$B$19 + $B$2*G22^$B$20 + $B$3*G22 + $B$4*G22^$B$22 -> 0.36282133 | I22: =($B$5 + $B$6*F22 + $B$7*F22^2 + $B$8*F22^3)/(F22 - 1.00001) -> 0.23817641 | J22: =E22*(H22*(1-Data!D22*I22)) -> 0.00010663058 | K22: =J22*1000*1000 -> 106.63058 | L22: =Data!B22/Densities!K22 -> 0.86408986
D23: o-xileno | E23: =Data!E23/1000 -> 0.0003673 | F23: =$B$11/Data!C23 -> 0.47297619 | G23: =(1-F23) -> 0.52702381 | H23: =1 + $B$1*G23^$B$19 + $B$2*G23^$B$20 + $B$3*G23 + $B$4*G23^$B$22 -> 0.35640121 | I23: =($B$5 + $B$6*F23 + $B$7*F23^2 + $B$8*F23^3)/(F23 - 1.00001) -> 0.24242378 | J23: =E23*(H23*(1-Data!D23*I23)) -> 0.00012101126 | K23: =J23*1000*1000 -> 121.01126 | L23: =Data!B23/Densities!K23 -> 0.87731502
D24: m-xileno | E24: =Data!E24/1000 -> 0.0003731 | F24: =$B$11/Data!C24 -> 0.48318613 | G24: =(1-F24) -> 0.51681387 | H24: =1 + $B$1*G24^$B$19 + $B$2*G24^$B$20 + $B$3*G24 + $B$4*G24^$B$22 -> 0.35848642 | I24: =($B$5 + $B$6*F24 + $B$7*F24^2 + $B$8*F24^3)/(F24 - 1.00001) -> 0.24102751 | J24: =E24*(H24*(1-Data!D24*I24)) -> 0.00012320954 | K24: =J24*1000*1000 -> 123.20954 | L24: =Data!B24/Densities!K24 -> 0.86166216
D25: p-xileno | E25: =Data!E25/1000 -> 0.000374 | F25: =$B$11/Data!C25 -> 0.48380554 | G25: =(1-F25) -> 0.51619446 | H25: =1 + $B$1*G25^$B$19 + $B$2*G25^$B$20 + $B$3*G25 + $B$4*G25^$B$22 -> 0.35861418 | I25: =($B$5 + $B$6*F25 + $B$7*F25^2 + $B$8*F25^3)/(F25 - 1.00001) -> 0.24094247 | J25: =E25*(H25*(1-Data!D25*I25)) -> 0.000123729 | K25: =J25*1000*1000 -> 123.729 | L25: =Data!B25/Densities!K25 -> 0.85804459

Sheet Deltas
A1: substance | B1: molar mass (g/mol) | C1: density (g/cm³) | D1: V (cm³/mol) | E1: ΔHvap (J/mol) | F1: δ_Akbarzadeh (Mpa^0.5) | G1: δ_Vargas (Mpa^0.5)
A2: metano | B2: =Data!B2 -> 16.0425 | C2: - | D2: - | E2: =IF(B2<=60, 3492.8 + 276.54*B2 + 0.524*B2^2, 103.65 + 368.7*B2 -0.0603*B2^2) -> 8064.0505 | F2: - | G2: -
A3: etano | B3: =Data!B3 -> 30.069 | C3: =Densities!L3 -> 0.3168446 | D3: =Densities!K3 -> 94.901412 | E3: =IF(B3<=60, 3492.8 + 276.54*B3 + 0.524*B3^2, 103.65 + 368.7*B3 -0.0603*B3^2) -> 12281.853 | F3: =SQRT((E3 - 298.15*8.3144621)/D3) -> 10.163443 | G3: =IF(B3>60,17.347*C3+2.904,2.904+26.302*C3-20.5618*C3^2+12.0425*C3^3) -> 9.5564874
A4: propano | B4: =Data!B4 -> 44.0956 | C4: =Densities!L4 -> 0.49236768 | D4: =Densities!K4 -> 89.558275 | E4: =IF(B4<=60, 3492.8 + 276.54*B4 + 0.524*B4^2, 103.65 + 368.7*B4 -0.0603*B4^2) -> 16705.874 | F4: =SQRT((E4 - 298.15*8.3144621)/D4) -> 12.60383 | G4: =IF(B4>60,17.347*C4+2.904,2.904+26.302*C4-20.5618*C4^2+12.0425*C4^3) -> 12.306966
A5: n-butano | B5: =Data!B5 -> 58.1222 | C5: =Densities!L5 -> 0.57289915 | D5: =Densities!K5 -> 101.45276 | E5: =IF(B5<=60, 3492.8 + 276.54*B5 + 0.524*B5^2, 103.65 + 368.7*B5 -0.0603*B5^2) -> 21336.085 | F5: =SQRT((E5 - 298.15*8.3144621)/D5) -> 13.633452 | G5: =IF(B5>60,17.347*C5+2.904,2.904+26.302*C5-20.5618*C5^2+12.0425*C5^3) -> 13.488124
A6: isobutano | B6: =Data!B6 -> 58.1222 | C6: =Densities!L6 -> 0.55057316 | D6: =Densities!K6 -> 105.56672 | E6: =IF(B6<=60, 3492.8 + 276.54*B6 + 0.524*B6^2, 103.65 + 368.7*B6 -0.0603*B6^2) -> 21336.085 | F6: =SQRT((E6 - 298.15*8.3144621)/D6) -> 13.365163 | G6: =IF(B6>60,17.347*C6+2.904,2.904+26.302*C6-20.5618*C6^2+12.0425*C6^3) -> 13.162102
A7: n-pentano | B7: =Data!B7 -> 72.1488 | C7: =Densities!L7 -> 0.62071284 | D7: =Densities!K7 -> 116.23539 | E7: =IF(B7<=60, 3492.8 + 276.54*B7 + 0.524*B7^2, 103.65 + 368.7*B7 -0.0603*B7^2) -> 26391.024 | F7: =SQRT((E7 - 298.15*8.3144621)/D7) -> 14.342979 | G7: =IF(B7>60,17.347*C7+2.904,2.904+26.302*C7-20.5618*C7^2+12.0425*C7^3) -> 13.671506
A8: isopentano | B8: =Data!B8 -> 72.1488 | C8: =Densities!L8 -> 0.61625239 | D8: =Densities!K8 -> 117.07671 | E8: =IF(B8<=60, 3492.8 + 276.54*B8 + 0.524*B8^2, 103.65 + 368.7*B8 -0.0603*B8^2) -> 26391.024 | F8: =SQRT((E8 - 298.15*8.3144621)/D8) -> 14.291352 | G8: =IF(B8>60,17.347*C8+2.904,2.904+26.302*C8-20.5618*C8^2+12.0425*C8^3) -> 13.59413
A9: neopentano | B9: =Data!B9 -> 72.1488 | C9: =Densities!L9 -> 0.58527912 | D9: =Densities!K9 -> 123.27247 | E9: =IF(B9<=60, 3492.8 + 276.54*B9 + 0.524*B9^2, 103.65 + 368.7*B9 -0.0603*B9^2) -> 26391.024 | F9: =SQRT((E9 - 298.15*8.3144621)/D9) -> 13.927575 | G9: =IF(B9>60,17.347*C9+2.904,2.904+26.302*C9-20.5618*C9^2+12.0425*C9^3) -> 13.056837
A10: n-hexano | B10: =Data!B10 -> 86.1754 | C10: =Densities!L10 -> 0.65669238 | D10: =Densities!K10 -> 131.22644 | E10: =IF(B10<=60, 3492.8 + 276.54*B10 + 0.524*B10^2, 103.65 + 368.7*B10 -0.0603*B10^2) -> 31428.72 | F10: =SQRT((E10 - 298.15*8.3144621)/D10) -> 14.85292 | G10: =IF(B10>60,17.347*C10+2.904,2.904+26.302*C10-20.5618*C10^2+12.0425*C10^3) -> 14.295643
A11: n-heptano | B11: =Data!B11 -> 100.202 | C11: =Densities!L11 -> 0.67813168 | D11: =Densities!K11 -> 147.76186 | E11: =IF(B11<=60, 3492.8 + 276.54*B11 + 0.524*B11^2, 103.65 + 368.7*B11 -0.0603*B11^2) -> 36442.689 | F11: =SQRT((E11 - 298.15*8.3144621)/D11) -> 15.160954 | G11: =IF(B11>60,17.347*C11+2.904,2.904+26.302*C11-20.5618*C11^2+12.0425*C11^3) -> 14.66755
A12: n-octano | B12: =Data!B12 -> 114.2285 | C12: =Densities!L12 -> 0.70008858 | D12: =Densities!K12 -> 163.16292 | E12: =IF(B12<=60, 3492.8 + 276.54*B12 + 0.524*B12^2, 103.65 + 368.7*B12 -0.0603*B12^2) -> 41432.894 | F12: =SQRT((E12 - 298.15*8.3144621)/D12) -> 15.451297 | G12: =IF(B12>60,17.347*C12+2.904,2.904+26.302*C12-20.5618*C12^2+12.0425*C12^3) -> 15.048437
A13: n-nonano | B13: =Data!B13 -> 128.2551 | C13: =Densities!L13 -> 0.71681626 | D13: =Densities!K13 -> 178.92326 | E13: =IF(B13<=60, 3492.8 + 276.54*B13 + 0.524*B13^2, 103.65 + 368.7*B13 -0.0603*B13^2) -> 46399.408 | F13: =SQRT((E13 - 298.15*8.3144621)/D13) -> 15.667511 | G13: =IF(B13>60,17.347*C13+2.904,2.904+26.302*C13-20.5618*C13^2+12.0425*C13^3) -> 15.338612
A14: n-decano | B14: =Data!B14 -> 142.2817 | C14: =Densities!L14 -> 0.72736183 | D14: =Densities!K14 -> 195.61337 | E14: =IF(B14<=60, 3492.8 + 276.54*B14 + 0.524*B14^2, 103.65 + 368.7*B14 -0.0603*B14^2) -> 51342.195 | F14: =SQRT((E14 - 298.15*8.3144621)/D14) -> 15.804904 | G14: =IF(B14>60,17.347*C14+2.904,2.904+26.302*C14-20.5618*C14^2+12.0425*C14^3) -> 15.521546
... A25: p-xileno | B25: =Data!B25 -> 106.165 | C25: =Densities!L25 -> 0.85804459 | D25: =Densities!K25 -> 123.729 | E25: =IF(B25<=60, 3492.8 + 276.54*B25 + 0.524*B25^2, 103.65 + 368.7*B25 -0.0603*B25^2) -> 38567.044 | F25: =SQRT((E25 - 298.15*8.3144621)/D25) -> 17.07836 | G25: =IF(B25>60,17.347*C25+2.904,2.904+26.302*C25-20.5618*C25^2+12.0425*C25^3) -> 17.788499
